"","X","CHROM","POS","REF","ALT","TYPE","EVENTLENGTH","MULTI.ALLELIC","ANN","Indel","Annotation","Annotation_Impact","Gene_Name","Gene_ID","Feature_Type","Feature_ID","Transcript_BioType","Coding_Change","Amino_Acid_Change"
"124",124,"chr10",24779,"A","G","SNP",0,"false","G|synonymous_variant|LOW|IMA5|YJL216C|transcript|YJL216C|protein_coding|1/1|c.1308T>C|p.Ser436Ser|1308/1746|1308/1746|436/581||,G|upstream_gene_variant|MODIFIER|HXT8|YJL214W|transcript|YJL214W|protein_coding||c.-2108A>G|||||2108|,G|downstream_gene_variant|MODIFIER|HXT9|YJL219W|transcript|YJL219W|protein_coding||c.*3579A>G|||||3579|,G|downstream_gene_variant|MODIFIER|YJL218W|YJL218W|transcript|YJL218W|protein_coding||c.*2216A>G|||||2216|,G|downstream_gene_variant|MODIFIER|REE1|YJL217W|transcript|YJL217W|protein_coding||c.*1050A>G|||||1050|,G|downstream_gene_variant|MODIFIER|YJL215C|YJL215C|transcript|YJL215C|protein_coding||c.*1633T>C|||||1633|","G","downstream_gene_variant","MODIFIER","YJL218W","YJL218W","transcript","YJL218W","protein_coding","","c.*2216A>G|||||2216|"
"130",130,"chr10",24782,"G","A","SNP",0,"false","A|synonymous_variant|LOW|IMA5|YJL216C|transcript|YJL216C|protein_coding|1/1|c.1305C>T|p.Ile435Ile|1305/1746|1305/1746|435/581||,A|upstream_gene_variant|MODIFIER|HXT8|YJL214W|transcript|YJL214W|protein_coding||c.-2105G>A|||||2105|,A|downstream_gene_variant|MODIFIER|HXT9|YJL219W|transcript|YJL219W|protein_coding||c.*3582G>A|||||3582|,A|downstream_gene_variant|MODIFIER|YJL218W|YJL218W|transcript|YJL218W|protein_coding||c.*2219G>A|||||2219|,A|downstream_gene_variant|MODIFIER|REE1|YJL217W|transcript|YJL217W|protein_coding||c.*1053G>A|||||1053|,A|downstream_gene_variant|MODIFIER|YJL215C|YJL215C|transcript|YJL215C|protein_coding||c.*1630C>T|||||1630|","A","downstream_gene_variant","MODIFIER","YJL218W","YJL218W","transcript","YJL218W","protein_coding","","c.*2219G>A|||||2219|"
"136",136,"chr10",24789,"G","T","SNP",0,"false","T|missense_variant|MODERATE|IMA5|YJL216C|transcript|YJL216C|protein_coding|1/1|c.1298C>A|p.Ala433Asp|1298/1746|1298/1746|433/581||,T|upstream_gene_variant|MODIFIER|HXT8|YJL214W|transcript|YJL214W|protein_coding||c.-2098G>T|||||2098|,T|downstream_gene_variant|MODIFIER|HXT9|YJL219W|transcript|YJL219W|protein_coding||c.*3589G>T|||||3589|,T|downstream_gene_variant|MODIFIER|YJL218W|YJL218W|transcript|YJL218W|protein_coding||c.*2226G>T|||||2226|,T|downstream_gene_variant|MODIFIER|REE1|YJL217W|transcript|YJL217W|protein_coding||c.*1060G>T|||||1060|,T|downstream_gene_variant|MODIFIER|YJL215C|YJL215C|transcript|YJL215C|protein_coding||c.*1623C>A|||||1623|","T","downstream_gene_variant","MODIFIER","YJL218W","YJL218W","transcript","YJL218W","protein_coding","","c.*2226G>T|||||2226|"
"142",142,"chr10",24794,"T","C","SNP",0,"false","C|synonymous_variant|LOW|IMA5|YJL216C|transcript|YJL216C|protein_coding|1/1|c.1293A>G|p.Ala431Ala|1293/1746|1293/1746|431/581||,C|upstream_gene_variant|MODIFIER|HXT8|YJL214W|transcript|YJL214W|protein_coding||c.-2093T>C|||||2093|,C|downstream_gene_variant|MODIFIER|HXT9|YJL219W|transcript|YJL219W|protein_coding||c.*3594T>C|||||3594|,C|downstream_gene_variant|MODIFIER|YJL218W|YJL218W|transcript|YJL218W|protein_coding||c.*2231T>C|||||2231|,C|downstream_gene_variant|MODIFIER|REE1|YJL217W|transcript|YJL217W|protein_coding||c.*1065T>C|||||1065|,C|downstream_gene_variant|MODIFIER|YJL215C|YJL215C|transcript|YJL215C|protein_coding||c.*1618A>G|||||1618|","C","downstream_gene_variant","MODIFIER","YJL218W","YJL218W","transcript","YJL218W","protein_coding","","c.*2231T>C|||||2231|"
"148",148,"chr10",24803,"A","G","SNP",0,"false","G|synonymous_variant|LOW|IMA5|YJL216C|transcript|YJL216C|protein_coding|1/1|c.1284T>C|p.Phe428Phe|1284/1746|1284/1746|428/581||,G|upstream_gene_variant|MODIFIER|HXT8|YJL214W|transcript|YJL214W|protein_coding||c.-2084A>G|||||2084|,G|downstream_gene_variant|MODIFIER|HXT9|YJL219W|transcript|YJL219W|protein_coding||c.*3603A>G|||||3603|,G|downstream_gene_variant|MODIFIER|YJL218W|YJL218W|transcript|YJL218W|protein_coding||c.*2240A>G|||||2240|,G|downstream_gene_variant|MODIFIER|REE1|YJL217W|transcript|YJL217W|protein_coding||c.*1074A>G|||||1074|,G|downstream_gene_variant|MODIFIER|YJL215C|YJL215C|transcript|YJL215C|protein_coding||c.*1609T>C|||||1609|","G","downstream_gene_variant","MODIFIER","YJL218W","YJL218W","transcript","YJL218W","protein_coding","","c.*2240A>G|||||2240|"
"154",154,"chr10",24807,"T","A","SNP",0,"false","A|missense_variant|MODERATE|IMA5|YJL216C|transcript|YJL216C|protein_coding|1/1|c.1280A>T|p.Lys427Met|1280/1746|1280/1746|427/581||,A|upstream_gene_variant|MODIFIER|HXT8|YJL214W|transcript|YJL214W|protein_coding||c.-2080T>A|||||2080|,A|downstream_gene_variant|MODIFIER|HXT9|YJL219W|transcript|YJL219W|protein_coding||c.*3607T>A|||||3607|,A|downstream_gene_variant|MODIFIER|YJL218W|YJL218W|transcript|YJL218W|protein_coding||c.*2244T>A|||||2244|,A|downstream_gene_variant|MODIFIER|REE1|YJL217W|transcript|YJL217W|protein_coding||c.*1078T>A|||||1078|,A|downstream_gene_variant|MODIFIER|YJL215C|YJL215C|transcript|YJL215C|protein_coding||c.*1605A>T|||||1605|","A","downstream_gene_variant","MODIFIER","YJL218W","YJL218W","transcript","YJL218W","protein_coding","","c.*2244T>A|||||2244|"
"160",160,"chr10",24821,"A","T","SNP",0,"false","T|synonymous_variant|LOW|IMA5|YJL216C|transcript|YJL216C|protein_coding|1/1|c.1266T>A|p.Ser422Ser|1266/1746|1266/1746|422/581||,T|upstream_gene_variant|MODIFIER|HXT8|YJL214W|transcript|YJL214W|protein_coding||c.-2066A>T|||||2066|,T|downstream_gene_variant|MODIFIER|HXT9|YJL219W|transcript|YJL219W|protein_coding||c.*3621A>T|||||3621|,T|downstream_gene_variant|MODIFIER|YJL218W|YJL218W|transcript|YJL218W|protein_coding||c.*2258A>T|||||2258|,T|downstream_gene_variant|MODIFIER|REE1|YJL217W|transcript|YJL217W|protein_coding||c.*1092A>T|||||1092|,T|downstream_gene_variant|MODIFIER|YJL215C|YJL215C|transcript|YJL215C|protein_coding||c.*1591T>A|||||1591|","T","downstream_gene_variant","MODIFIER","YJL218W","YJL218W","transcript","YJL218W","protein_coding","","c.*2258A>T|||||2258|"
"166",166,"chr10",25304,"A","G","SNP",0,"false","G|synonymous_variant|LOW|IMA5|YJL216C|transcript|YJL216C|protein_coding|1/1|c.783T>C|p.Val261Val|783/1746|783/1746|261/581||,G|upstream_gene_variant|MODIFIER|HXT8|YJL214W|transcript|YJL214W|protein_coding||c.-1583A>G|||||1583|,G|downstream_gene_variant|MODIFIER|HXT9|YJL219W|transcript|YJL219W|protein_coding||c.*4104A>G|||||4104|,G|downstream_gene_variant|MODIFIER|YJL218W|YJL218W|transcript|YJL218W|protein_coding||c.*2741A>G|||||2741|,G|downstream_gene_variant|MODIFIER|REE1|YJL217W|transcript|YJL217W|protein_coding||c.*1575A>G|||||1575|,G|downstream_gene_variant|MODIFIER|YJL215C|YJL215C|transcript|YJL215C|protein_coding||c.*1108T>C|||||1108|","G","downstream_gene_variant","MODIFIER","YJL218W","YJL218W","transcript","YJL218W","protein_coding","","c.*2741A>G|||||2741|"
"172",172,"chr10",25306,"C","T","SNP",0,"false","T|missense_variant|MODERATE|IMA5|YJL216C|transcript|YJL216C|protein_coding|1/1|c.781G>A|p.Val261Ile|781/1746|781/1746|261/581||,T|upstream_gene_variant|MODIFIER|HXT8|YJL214W|transcript|YJL214W|protein_coding||c.-1581C>T|||||1581|,T|downstream_gene_variant|MODIFIER|HXT9|YJL219W|transcript|YJL219W|protein_coding||c.*4106C>T|||||4106|,T|downstream_gene_variant|MODIFIER|YJL218W|YJL218W|transcript|YJL218W|protein_coding||c.*2743C>T|||||2743|,T|downstream_gene_variant|MODIFIER|REE1|YJL217W|transcript|YJL217W|protein_coding||c.*1577C>T|||||1577|,T|downstream_gene_variant|MODIFIER|YJL215C|YJL215C|transcript|YJL215C|protein_coding||c.*1106G>A|||||1106|","T","downstream_gene_variant","MODIFIER","YJL218W","YJL218W","transcript","YJL218W","protein_coding","","c.*2743C>T|||||2743|"
"178",178,"chr10",25310,"C","A","SNP",0,"false","A|synonymous_variant|LOW|IMA5|YJL216C|transcript|YJL216C|protein_coding|1/1|c.777G>T|p.Ser259Ser|777/1746|777/1746|259/581||,A|upstream_gene_variant|MODIFIER|HXT8|YJL214W|transcript|YJL214W|protein_coding||c.-1577C>A|||||1577|,A|downstream_gene_variant|MODIFIER|HXT9|YJL219W|transcript|YJL219W|protein_coding||c.*4110C>A|||||4110|,A|downstream_gene_variant|MODIFIER|YJL218W|YJL218W|transcript|YJL218W|protein_coding||c.*2747C>A|||||2747|,A|downstream_gene_variant|MODIFIER|REE1|YJL217W|transcript|YJL217W|protein_coding||c.*1581C>A|||||1581|,A|downstream_gene_variant|MODIFIER|YJL215C|YJL215C|transcript|YJL215C|protein_coding||c.*1102G>T|||||1102|","A","downstream_gene_variant","MODIFIER","YJL218W","YJL218W","transcript","YJL218W","protein_coding","","c.*2747C>A|||||2747|"
"184",184,"chr10",25313,"G","A","SNP",0,"false","A|synonymous_variant|LOW|IMA5|YJL216C|transcript|YJL216C|protein_coding|1/1|c.774C>T|p.Leu258Leu|774/1746|774/1746|258/581||,A|upstream_gene_variant|MODIFIER|HXT8|YJL214W|transcript|YJL214W|protein_coding||c.-1574G>A|||||1574|,A|downstream_gene_variant|MODIFIER|HXT9|YJL219W|transcript|YJL219W|protein_coding||c.*4113G>A|||||4113|,A|downstream_gene_variant|MODIFIER|YJL218W|YJL218W|transcript|YJL218W|protein_coding||c.*2750G>A|||||2750|,A|downstream_gene_variant|MODIFIER|REE1|YJL217W|transcript|YJL217W|protein_coding||c.*1584G>A|||||1584|,A|downstream_gene_variant|MODIFIER|YJL215C|YJL215C|transcript|YJL215C|protein_coding||c.*1099C>T|||||1099|","A","downstream_gene_variant","MODIFIER","YJL218W","YJL218W","transcript","YJL218W","protein_coding","","c.*2750G>A|||||2750|"
"190",190,"chr10",25319,"G","A","SNP",0,"false","A|synonymous_variant|LOW|IMA5|YJL216C|transcript|YJL216C|protein_coding|1/1|c.768C>T|p.Tyr256Tyr|768/1746|768/1746|256/581||,A|upstream_gene_variant|MODIFIER|HXT8|YJL214W|transcript|YJL214W|protein_coding||c.-1568G>A|||||1568|,A|downstream_gene_variant|MODIFIER|HXT9|YJL219W|transcript|YJL219W|protein_coding||c.*4119G>A|||||4119|,A|downstream_gene_variant|MODIFIER|YJL218W|YJL218W|transcript|YJL218W|protein_coding||c.*2756G>A|||||2756|,A|downstream_gene_variant|MODIFIER|REE1|YJL217W|transcript|YJL217W|protein_coding||c.*1590G>A|||||1590|,A|downstream_gene_variant|MODIFIER|YJL215C|YJL215C|transcript|YJL215C|protein_coding||c.*1093C>T|||||1093|","A","downstream_gene_variant","MODIFIER","YJL218W","YJL218W","transcript","YJL218W","protein_coding","","c.*2756G>A|||||2756|"
"196",196,"chr10",25322,"G","T","SNP",0,"false","T|missense_variant|MODERATE|IMA5|YJL216C|transcript|YJL216C|protein_coding|1/1|c.765C>A|p.Asn255Lys|765/1746|765/1746|255/581||,T|upstream_gene_variant|MODIFIER|HXT8|YJL214W|transcript|YJL214W|protein_coding||c.-1565G>T|||||1565|,T|downstream_gene_variant|MODIFIER|HXT9|YJL219W|transcript|YJL219W|protein_coding||c.*4122G>T|||||4122|,T|downstream_gene_variant|MODIFIER|YJL218W|YJL218W|transcript|YJL218W|protein_coding||c.*2759G>T|||||2759|,T|downstream_gene_variant|MODIFIER|REE1|YJL217W|transcript|YJL217W|protein_coding||c.*1593G>T|||||1593|,T|downstream_gene_variant|MODIFIER|YJL215C|YJL215C|transcript|YJL215C|protein_coding||c.*1090C>A|||||1090|","T","downstream_gene_variant","MODIFIER","YJL218W","YJL218W","transcript","YJL218W","protein_coding","","c.*2759G>T|||||2759|"
"202",202,"chr10",25374,"T","G","SNP",0,"false","G|missense_variant|MODERATE|IMA5|YJL216C|transcript|YJL216C|protein_coding|1/1|c.713A>C|p.Glu238Ala|713/1746|713/1746|238/581||,G|upstream_gene_variant|MODIFIER|HXT8|YJL214W|transcript|YJL214W|protein_coding||c.-1513T>G|||||1513|,G|downstream_gene_variant|MODIFIER|HXT9|YJL219W|transcript|YJL219W|protein_coding||c.*4174T>G|||||4174|,G|downstream_gene_variant|MODIFIER|YJL218W|YJL218W|transcript|YJL218W|protein_coding||c.*2811T>G|||||2811|,G|downstream_gene_variant|MODIFIER|REE1|YJL217W|transcript|YJL217W|protein_coding||c.*1645T>G|||||1645|,G|downstream_gene_variant|MODIFIER|YJL215C|YJL215C|transcript|YJL215C|protein_coding||c.*1038A>C|||||1038|","G","downstream_gene_variant","MODIFIER","YJL218W","YJL218W","transcript","YJL218W","protein_coding","","c.*2811T>G|||||2811|"
"208",208,"chr10",25382,"T","A","SNP",0,"false","A|missense_variant|MODERATE|IMA5|YJL216C|transcript|YJL216C|protein_coding|1/1|c.705A>T|p.Lys235Asn|705/1746|705/1746|235/581||,A|upstream_gene_variant|MODIFIER|HXT8|YJL214W|transcript|YJL214W|protein_coding||c.-1505T>A|||||1505|,A|downstream_gene_variant|MODIFIER|HXT9|YJL219W|transcript|YJL219W|protein_coding||c.*4182T>A|||||4182|,A|downstream_gene_variant|MODIFIER|YJL218W|YJL218W|transcript|YJL218W|protein_coding||c.*2819T>A|||||2819|,A|downstream_gene_variant|MODIFIER|REE1|YJL217W|transcript|YJL217W|protein_coding||c.*1653T>A|||||1653|,A|downstream_gene_variant|MODIFIER|YJL215C|YJL215C|transcript|YJL215C|protein_coding||c.*1030A>T|||||1030|","A","downstream_gene_variant","MODIFIER","YJL218W","YJL218W","transcript","YJL218W","protein_coding","","c.*2819T>A|||||2819|"
"214",214,"chr10",25384,"T","C","SNP",0,"false","C|missense_variant|MODERATE|IMA5|YJL216C|transcript|YJL216C|protein_coding|1/1|c.703A>G|p.Lys235Glu|703/1746|703/1746|235/581||,C|upstream_gene_variant|MODIFIER|HXT8|YJL214W|transcript|YJL214W|protein_coding||c.-1503T>C|||||1503|,C|downstream_gene_variant|MODIFIER|HXT9|YJL219W|transcript|YJL219W|protein_coding||c.*4184T>C|||||4184|,C|downstream_gene_variant|MODIFIER|YJL218W|YJL218W|transcript|YJL218W|protein_coding||c.*2821T>C|||||2821|,C|downstream_gene_variant|MODIFIER|REE1|YJL217W|transcript|YJL217W|protein_coding||c.*1655T>C|||||1655|,C|downstream_gene_variant|MODIFIER|YJL215C|YJL215C|transcript|YJL215C|protein_coding||c.*1028A>G|||||1028|","C","downstream_gene_variant","MODIFIER","YJL218W","YJL218W","transcript","YJL218W","protein_coding","","c.*2821T>C|||||2821|"
"220",220,"chr10",25385,"T","C","SNP",0,"false","C|synonymous_variant|LOW|IMA5|YJL216C|transcript|YJL216C|protein_coding|1/1|c.702A>G|p.Gln234Gln|702/1746|702/1746|234/581||,C|upstream_gene_variant|MODIFIER|HXT8|YJL214W|transcript|YJL214W|protein_coding||c.-1502T>C|||||1502|,C|downstream_gene_variant|MODIFIER|HXT9|YJL219W|transcript|YJL219W|protein_coding||c.*4185T>C|||||4185|,C|downstream_gene_variant|MODIFIER|YJL218W|YJL218W|transcript|YJL218W|protein_coding||c.*2822T>C|||||2822|,C|downstream_gene_variant|MODIFIER|REE1|YJL217W|transcript|YJL217W|protein_coding||c.*1656T>C|||||1656|,C|downstream_gene_variant|MODIFIER|YJL215C|YJL215C|transcript|YJL215C|protein_coding||c.*1027A>G|||||1027|","C","downstream_gene_variant","MODIFIER","YJL218W","YJL218W","transcript","YJL218W","protein_coding","","c.*2822T>C|||||2822|"
"226",226,"chr10",25394,"A","G","SNP",0,"false","G|synonymous_variant|LOW|IMA5|YJL216C|transcript|YJL216C|protein_coding|1/1|c.693T>C|p.Val231Val|693/1746|693/1746|231/581||,G|upstream_gene_variant|MODIFIER|HXT8|YJL214W|transcript|YJL214W|protein_coding||c.-1493A>G|||||1493|,G|downstream_gene_variant|MODIFIER|HXT9|YJL219W|transcript|YJL219W|protein_coding||c.*4194A>G|||||4194|,G|downstream_gene_variant|MODIFIER|YJL218W|YJL218W|transcript|YJL218W|protein_coding||c.*2831A>G|||||2831|,G|downstream_gene_variant|MODIFIER|REE1|YJL217W|transcript|YJL217W|protein_coding||c.*1665A>G|||||1665|,G|downstream_gene_variant|MODIFIER|YJL215C|YJL215C|transcript|YJL215C|protein_coding||c.*1018T>C|||||1018|","G","downstream_gene_variant","MODIFIER","YJL218W","YJL218W","transcript","YJL218W","protein_coding","","c.*2831A>G|||||2831|"
"232",232,"chr10",25397,"T","A","SNP",0,"false","A|synonymous_variant|LOW|IMA5|YJL216C|transcript|YJL216C|protein_coding|1/1|c.690A>T|p.Thr230Thr|690/1746|690/1746|230/581||,A|upstream_gene_variant|MODIFIER|HXT8|YJL214W|transcript|YJL214W|protein_coding||c.-1490T>A|||||1490|,A|downstream_gene_variant|MODIFIER|HXT9|YJL219W|transcript|YJL219W|protein_coding||c.*4197T>A|||||4197|,A|downstream_gene_variant|MODIFIER|YJL218W|YJL218W|transcript|YJL218W|protein_coding||c.*2834T>A|||||2834|,A|downstream_gene_variant|MODIFIER|REE1|YJL217W|transcript|YJL217W|protein_coding||c.*1668T>A|||||1668|,A|downstream_gene_variant|MODIFIER|YJL215C|YJL215C|transcript|YJL215C|protein_coding||c.*1015A>T|||||1015|","A","downstream_gene_variant","MODIFIER","YJL218W","YJL218W","transcript","YJL218W","protein_coding","","c.*2834T>A|||||2834|"
"238",238,"chr10",25400,"A","T","SNP",0,"false","T|synonymous_variant|LOW|IMA5|YJL216C|transcript|YJL216C|protein_coding|1/1|c.687T>A|p.Pro229Pro|687/1746|687/1746|229/581||,T|upstream_gene_variant|MODIFIER|HXT8|YJL214W|transcript|YJL214W|protein_coding||c.-1487A>T|||||1487|,T|downstream_gene_variant|MODIFIER|HXT9|YJL219W|transcript|YJL219W|protein_coding||c.*4200A>T|||||4200|,T|downstream_gene_variant|MODIFIER|YJL218W|YJL218W|transcript|YJL218W|protein_coding||c.*2837A>T|||||2837|,T|downstream_gene_variant|MODIFIER|REE1|YJL217W|transcript|YJL217W|protein_coding||c.*1671A>T|||||1671|,T|downstream_gene_variant|MODIFIER|YJL215C|YJL215C|transcript|YJL215C|protein_coding||c.*1012T>A|||||1012|","T","downstream_gene_variant","MODIFIER","YJL218W","YJL218W","transcript","YJL218W","protein_coding","","c.*2837A>T|||||2837|"
"244",244,"chr10",25406,"A","G","SNP",0,"false","G|synonymous_variant|LOW|IMA5|YJL216C|transcript|YJL216C|protein_coding|1/1|c.681T>C|p.Thr227Thr|681/1746|681/1746|227/581||,G|upstream_gene_variant|MODIFIER|HXT8|YJL214W|transcript|YJL214W|protein_coding||c.-1481A>G|||||1481|,G|downstream_gene_variant|MODIFIER|HXT9|YJL219W|transcript|YJL219W|protein_coding||c.*4206A>G|||||4206|,G|downstream_gene_variant|MODIFIER|YJL218W|YJL218W|transcript|YJL218W|protein_coding||c.*2843A>G|||||2843|,G|downstream_gene_variant|MODIFIER|REE1|YJL217W|transcript|YJL217W|protein_coding||c.*1677A>G|||||1677|,G|downstream_gene_variant|MODIFIER|YJL215C|YJL215C|transcript|YJL215C|protein_coding||c.*1006T>C|||||1006|","G","downstream_gene_variant","MODIFIER","YJL218W","YJL218W","transcript","YJL218W","protein_coding","","c.*2843A>G|||||2843|"
"250",250,"chr10",25426,"G","A","SNP",0,"false","A|synonymous_variant|LOW|IMA5|YJL216C|transcript|YJL216C|protein_coding|1/1|c.661C>T|p.Leu221Leu|661/1746|661/1746|221/581||,A|upstream_gene_variant|MODIFIER|HXT8|YJL214W|transcript|YJL214W|protein_coding||c.-1461G>A|||||1461|,A|downstream_gene_variant|MODIFIER|HXT9|YJL219W|transcript|YJL219W|protein_coding||c.*4226G>A|||||4226|,A|downstream_gene_variant|MODIFIER|YJL218W|YJL218W|transcript|YJL218W|protein_coding||c.*2863G>A|||||2863|,A|downstream_gene_variant|MODIFIER|REE1|YJL217W|transcript|YJL217W|protein_coding||c.*1697G>A|||||1697|,A|downstream_gene_variant|MODIFIER|YJL215C|YJL215C|transcript|YJL215C|protein_coding||c.*986C>T|||||986|","A","downstream_gene_variant","MODIFIER","YJL218W","YJL218W","transcript","YJL218W","protein_coding","","c.*2863G>A|||||2863|"
"256",256,"chr10",25430,"C","T","SNP",0,"false","T|synonymous_variant|LOW|IMA5|YJL216C|transcript|YJL216C|protein_coding|1/1|c.657G>A|p.Glu219Glu|657/1746|657/1746|219/581||,T|upstream_gene_variant|MODIFIER|HXT8|YJL214W|transcript|YJL214W|protein_coding||c.-1457C>T|||||1457|,T|downstream_gene_variant|MODIFIER|HXT9|YJL219W|transcript|YJL219W|protein_coding||c.*4230C>T|||||4230|,T|downstream_gene_variant|MODIFIER|YJL218W|YJL218W|transcript|YJL218W|protein_coding||c.*2867C>T|||||2867|,T|downstream_gene_variant|MODIFIER|REE1|YJL217W|transcript|YJL217W|protein_coding||c.*1701C>T|||||1701|,T|downstream_gene_variant|MODIFIER|YJL215C|YJL215C|transcript|YJL215C|protein_coding||c.*982G>A|||||982|","T","downstream_gene_variant","MODIFIER","YJL218W","YJL218W","transcript","YJL218W","protein_coding","","c.*2867C>T|||||2867|"
"262",262,"chr10",25433,"A","T","SNP",0,"false","T|synonymous_variant|LOW|IMA5|YJL216C|transcript|YJL216C|protein_coding|1/1|c.654T>A|p.Val218Val|654/1746|654/1746|218/581||,T|upstream_gene_variant|MODIFIER|HXT8|YJL214W|transcript|YJL214W|protein_coding||c.-1454A>T|||||1454|,T|downstream_gene_variant|MODIFIER|HXT9|YJL219W|transcript|YJL219W|protein_coding||c.*4233A>T|||||4233|,T|downstream_gene_variant|MODIFIER|YJL218W|YJL218W|transcript|YJL218W|protein_coding||c.*2870A>T|||||2870|,T|downstream_gene_variant|MODIFIER|REE1|YJL217W|transcript|YJL217W|protein_coding||c.*1704A>T|||||1704|,T|downstream_gene_variant|MODIFIER|YJL215C|YJL215C|transcript|YJL215C|protein_coding||c.*979T>A|||||979|","T","downstream_gene_variant","MODIFIER","YJL218W","YJL218W","transcript","YJL218W","protein_coding","","c.*2870A>T|||||2870|"
"268",268,"chr10",25436,"C","T","SNP",0,"false","T|synonymous_variant|LOW|IMA5|YJL216C|transcript|YJL216C|protein_coding|1/1|c.651G>A|p.Lys217Lys|651/1746|651/1746|217/581||,T|upstream_gene_variant|MODIFIER|HXT8|YJL214W|transcript|YJL214W|protein_coding||c.-1451C>T|||||1451|,T|downstream_gene_variant|MODIFIER|HXT9|YJL219W|transcript|YJL219W|protein_coding||c.*4236C>T|||||4236|,T|downstream_gene_variant|MODIFIER|YJL218W|YJL218W|transcript|YJL218W|protein_coding||c.*2873C>T|||||2873|,T|downstream_gene_variant|MODIFIER|REE1|YJL217W|transcript|YJL217W|protein_coding||c.*1707C>T|||||1707|,T|downstream_gene_variant|MODIFIER|YJL215C|YJL215C|transcript|YJL215C|protein_coding||c.*976G>A|||||976|","T","downstream_gene_variant","MODIFIER","YJL218W","YJL218W","transcript","YJL218W","protein_coding","","c.*2873C>T|||||2873|"
"1011",1011,"chr10",92630,"G","A","SNP",0,"false","A|missense_variant|MODERATE|SWI3|YJL176C|transcript|YJL176C|protein_coding|1/1|c.1901C>T|p.Ala634Val|1901/2478|1901/2478|634/825||,A|upstream_gene_variant|MODIFIER|ATP12|YJL180C|transcript|YJL180C|protein_coding||c.-4070C>T|||||4070|,A|upstream_gene_variant|MODIFIER|ATG27|YJL178C|transcript|YJL178C|protein_coding||c.-2533C>T|||||2533|,A|upstream_gene_variant|MODIFIER|YJL175W|YJL175W|transcript|YJL175W|protein_coding||c.-1419G>A|||||1419|,A|upstream_gene_variant|MODIFIER|KRE9|YJL174W|transcript|YJL174W|protein_coding||c.-2462G>A|||||2462|,A|downstream_gene_variant|MODIFIER|PFD1|YJL179W|transcript|YJL179W|protein_coding||c.*3514G>A|||||3514|,A|downstream_gene_variant|MODIFIER|RPL17B|YJL177W|transcript|YJL177W|protein_coding||c.*973G>A|||||973|,A|downstream_gene_variant|MODIFIER|RFA3|YJL173C|transcript|YJL173C|protein_coding||c.*3531C>T|||||3531|","A","downstream_gene_variant","MODIFIER","RFA3","YJL173C","transcript","YJL173C","protein_coding","","c.*3531C>T|||||3531|"
"1020",1020,"chr10",92800,"A","G","SNP",0,"false","G|synonymous_variant|LOW|SWI3|YJL176C|transcript|YJL176C|protein_coding|1/1|c.1731T>C|p.Gly577Gly|1731/2478|1731/2478|577/825||,G|upstream_gene_variant|MODIFIER|ATP12|YJL180C|transcript|YJL180C|protein_coding||c.-4240T>C|||||4240|,G|upstream_gene_variant|MODIFIER|ATG27|YJL178C|transcript|YJL178C|protein_coding||c.-2703T>C|||||2703|,G|upstream_gene_variant|MODIFIER|YJL175W|YJL175W|transcript|YJL175W|protein_coding||c.-1249A>G|||||1249|,G|upstream_gene_variant|MODIFIER|KRE9|YJL174W|transcript|YJL174W|protein_coding||c.-2292A>G|||||2292|,G|upstream_gene_variant|MODIFIER|CPS1|YJL172W|transcript|YJL172W|protein_coding||c.-4937A>G|||||4937|,G|downstream_gene_variant|MODIFIER|PFD1|YJL179W|transcript|YJL179W|protein_coding||c.*3684A>G|||||3684|,G|downstream_gene_variant|MODIFIER|RPL17B|YJL177W|transcript|YJL177W|protein_coding||c.*1143A>G|||||1143|,G|downstream_gene_variant|MODIFIER|RFA3|YJL173C|transcript|YJL173C|protein_coding||c.*3361T>C|||||3361|","G","downstream_gene_variant","MODIFIER","RFA3","YJL173C","transcript","YJL173C","protein_coding","","c.*3361T>C|||||3361|"
"1029",1029,"chr10",93181,"C","T","SNP",0,"false","T|synonymous_variant|LOW|SWI3|YJL176C|transcript|YJL176C|protein_coding|1/1|c.1350G>A|p.Glu450Glu|1350/2478|1350/2478|450/825||,T|upstream_gene_variant|MODIFIER|ATP12|YJL180C|transcript|YJL180C|protein_coding||c.-4621G>A|||||4621|,T|upstream_gene_variant|MODIFIER|ATG27|YJL178C|transcript|YJL178C|protein_coding||c.-3084G>A|||||3084|,T|upstream_gene_variant|MODIFIER|YJL175W|YJL175W|transcript|YJL175W|protein_coding||c.-868C>T|||||868|,T|upstream_gene_variant|MODIFIER|KRE9|YJL174W|transcript|YJL174W|protein_coding||c.-1911C>T|||||1911|,T|upstream_gene_variant|MODIFIER|CPS1|YJL172W|transcript|YJL172W|protein_coding||c.-4556C>T|||||4556|,T|downstream_gene_variant|MODIFIER|PFD1|YJL179W|transcript|YJL179W|protein_coding||c.*4065C>T|||||4065|,T|downstream_gene_variant|MODIFIER|RPL17B|YJL177W|transcript|YJL177W|protein_coding||c.*1524C>T|||||1524|,T|downstream_gene_variant|MODIFIER|RFA3|YJL173C|transcript|YJL173C|protein_coding||c.*2980G>A|||||2980|","T","downstream_gene_variant","MODIFIER","RFA3","YJL173C","transcript","YJL173C","protein_coding","","c.*2980G>A|||||2980|"
"1037",1037,"chr10",93850,"G","A","SNP",0,"false","A|synonymous_variant|LOW|SWI3|YJL176C|transcript|YJL176C|protein_coding|1/1|c.681C>T|p.Gly227Gly|681/2478|681/2478|227/825||,A|upstream_gene_variant|MODIFIER|ATG27|YJL178C|transcript|YJL178C|protein_coding||c.-3753C>T|||||3753|,A|upstream_gene_variant|MODIFIER|YJL175W|YJL175W|transcript|YJL175W|protein_coding||c.-199G>A|||||199|,A|upstream_gene_variant|MODIFIER|KRE9|YJL174W|transcript|YJL174W|protein_coding||c.-1242G>A|||||1242|,A|upstream_gene_variant|MODIFIER|CPS1|YJL172W|transcript|YJL172W|protein_coding||c.-3887G>A|||||3887|,A|downstream_gene_variant|MODIFIER|PFD1|YJL179W|transcript|YJL179W|protein_coding||c.*4734G>A|||||4734|,A|downstream_gene_variant|MODIFIER|RPL17B|YJL177W|transcript|YJL177W|protein_coding||c.*2193G>A|||||2193|,A|downstream_gene_variant|MODIFIER|RFA3|YJL173C|transcript|YJL173C|protein_coding||c.*2311C>T|||||2311|","A","downstream_gene_variant","MODIFIER","RFA3","YJL173C","transcript","YJL173C","protein_coding","","c.*2311C>T|||||2311|"
"1044",1044,"chr10",94494,"C","T","SNP",0,"false","T|missense_variant|MODERATE|SWI3|YJL176C|transcript|YJL176C|protein_coding|1/1|c.37G>A|p.Ala13Thr|37/2478|37/2478|13/825||,T|missense_variant|MODERATE|YJL175W|YJL175W|transcript|YJL175W|protein_coding|1/1|c.446C>T|p.Ala149Val|446/513|446/513|149/170||,T|upstream_gene_variant|MODIFIER|ATG27|YJL178C|transcript|YJL178C|protein_coding||c.-4397G>A|||||4397|,T|upstream_gene_variant|MODIFIER|KRE9|YJL174W|transcript|YJL174W|protein_coding||c.-598C>T|||||598|,T|upstream_gene_variant|MODIFIER|CPS1|YJL172W|transcript|YJL172W|protein_coding||c.-3243C>T|||||3243|,T|downstream_gene_variant|MODIFIER|RPL17B|YJL177W|transcript|YJL177W|protein_coding||c.*2837C>T|||||2837|,T|downstream_gene_variant|MODIFIER|RFA3|YJL173C|transcript|YJL173C|protein_coding||c.*1667G>A|||||1667|","T","downstream_gene_variant","MODIFIER","RFA3","YJL173C","transcript","YJL173C","protein_coding","","c.*1667G>A|||||1667|"
"1051",1051,"chr10",95022,"T","C","SNP",0,"false","C|upstream_gene_variant|MODIFIER|ATG27|YJL178C|transcript|YJL178C|protein_coding||c.-4925A>G|||||4925|,C|upstream_gene_variant|MODIFIER|SWI3|YJL176C|transcript|YJL176C|protein_coding||c.-492A>G|||||492|,C|upstream_gene_variant|MODIFIER|KRE9|YJL174W|transcript|YJL174W|protein_coding||c.-70T>C|||||70|,C|upstream_gene_variant|MODIFIER|CPS1|YJL172W|transcript|YJL172W|protein_coding||c.-2715T>C|||||2715|,C|downstream_gene_variant|MODIFIER|RPL17B|YJL177W|transcript|YJL177W|protein_coding||c.*3365T>C|||||3365|,C|downstream_gene_variant|MODIFIER|YJL175W|YJL175W|transcript|YJL175W|protein_coding||c.*461T>C|||||461|,C|downstream_gene_variant|MODIFIER|RFA3|YJL173C|transcript|YJL173C|protein_coding||c.*1139A>G|||||1139|,C|downstream_gene_variant|MODIFIER|YJL171C|YJL171C|transcript|YJL171C|protein_coding||c.*4682A>G|||||4682|,C|intergenic_region|MODIFIER|YJL175W-KRE9|YJL175W-YJL174W|intergenic_region|YJL175W-YJL174W|||n.95022T>C||||||","C","downstream_gene_variant","MODIFIER","RFA3","YJL173C","transcript","YJL173C","protein_coding","","c.*1139A>G|||||1139|"
"1059",1059,"chr10",96041,"A","T","SNP",0,"false","T|upstream_gene_variant|MODIFIER|SWI3|YJL176C|transcript|YJL176C|protein_coding||c.-1511T>A|||||1511|,T|upstream_gene_variant|MODIFIER|CPS1|YJL172W|transcript|YJL172W|protein_coding||c.-1696A>T|||||1696|,T|downstream_gene_variant|MODIFIER|RPL17B|YJL177W|transcript|YJL177W|protein_coding||c.*4384A>T|||||4384|,T|downstream_gene_variant|MODIFIER|YJL175W|YJL175W|transcript|YJL175W|protein_coding||c.*1480A>T|||||1480|,T|downstream_gene_variant|MODIFIER|KRE9|YJL174W|transcript|YJL174W|protein_coding||c.*119A>T|||||119|,T|downstream_gene_variant|MODIFIER|RFA3|YJL173C|transcript|YJL173C|protein_coding||c.*120T>A|||||120|,T|downstream_gene_variant|MODIFIER|YJL171C|YJL171C|transcript|YJL171C|protein_coding||c.*3663T>A|||||3663|,T|intergenic_region|MODIFIER|KRE9-RFA3|YJL174W-YJL173C|intergenic_region|YJL174W-YJL173C|||n.96041A>T||||||","T","downstream_gene_variant","MODIFIER","RFA3","YJL173C","transcript","YJL173C","protein_coding","","c.*120T>A|||||120|"
"1062",1062,"chr10",96323,"G","A","SNP",0,"false","A|synonymous_variant|LOW|RFA3|YJL173C|transcript|YJL173C|protein_coding|1/1|c.207C>T|p.Ile69Ile|207/369|207/369|69/122||,A|upstream_gene_variant|MODIFIER|SWI3|YJL176C|transcript|YJL176C|protein_coding||c.-1793C>T|||||1793|,A|upstream_gene_variant|MODIFIER|CPS1|YJL172W|transcript|YJL172W|protein_coding||c.-1414G>A|||||1414|,A|downstream_gene_variant|MODIFIER|RPL17B|YJL177W|transcript|YJL177W|protein_coding||c.*4666G>A|||||4666|,A|downstream_gene_variant|MODIFIER|YJL175W|YJL175W|transcript|YJL175W|protein_coding||c.*1762G>A|||||1762|,A|downstream_gene_variant|MODIFIER|KRE9|YJL174W|transcript|YJL174W|protein_coding||c.*401G>A|||||401|,A|downstream_gene_variant|MODIFIER|YJL171C|YJL171C|transcript|YJL171C|protein_coding||c.*3381C>T|||||3381|,A|downstream_gene_variant|MODIFIER|ASG7|YJL170C|transcript|YJL170C|protein_coding||c.*4827C>T|||||4827|","A","synonymous_variant","LOW","RFA3","YJL173C","transcript","YJL173C","protein_coding","1/1","c.207C>T|p.Ile69Ile|207/369|207/369|69/122||"
"1070",1070,"chr10",96365,"C","A","SNP",0,"false","A|synonymous_variant|LOW|RFA3|YJL173C|transcript|YJL173C|protein_coding|1/1|c.165G>T|p.Thr55Thr|165/369|165/369|55/122||,A|upstream_gene_variant|MODIFIER|SWI3|YJL176C|transcript|YJL176C|protein_coding||c.-1835G>T|||||1835|,A|upstream_gene_variant|MODIFIER|CPS1|YJL172W|transcript|YJL172W|protein_coding||c.-1372C>A|||||1372|,A|downstream_gene_variant|MODIFIER|RPL17B|YJL177W|transcript|YJL177W|protein_coding||c.*4708C>A|||||4708|,A|downstream_gene_variant|MODIFIER|YJL175W|YJL175W|transcript|YJL175W|protein_coding||c.*1804C>A|||||1804|,A|downstream_gene_variant|MODIFIER|KRE9|YJL174W|transcript|YJL174W|protein_coding||c.*443C>A|||||443|,A|downstream_gene_variant|MODIFIER|YJL171C|YJL171C|transcript|YJL171C|protein_coding||c.*3339G>T|||||3339|,A|downstream_gene_variant|MODIFIER|ASG7|YJL170C|transcript|YJL170C|protein_coding||c.*4785G>T|||||4785|","A","synonymous_variant","LOW","RFA3","YJL173C","transcript","YJL173C","protein_coding","1/1","c.165G>T|p.Thr55Thr|165/369|165/369|55/122||"
"1078",1078,"chr10",96379,"C","T","SNP",0,"false","T|missense_variant|MODERATE|RFA3|YJL173C|transcript|YJL173C|protein_coding|1/1|c.151G>A|p.Val51Ile|151/369|151/369|51/122||,T|upstream_gene_variant|MODIFIER|SWI3|YJL176C|transcript|YJL176C|protein_coding||c.-1849G>A|||||1849|,T|upstream_gene_variant|MODIFIER|CPS1|YJL172W|transcript|YJL172W|protein_coding||c.-1358C>T|||||1358|,T|downstream_gene_variant|MODIFIER|RPL17B|YJL177W|transcript|YJL177W|protein_coding||c.*4722C>T|||||4722|,T|downstream_gene_variant|MODIFIER|YJL175W|YJL175W|transcript|YJL175W|protein_coding||c.*1818C>T|||||1818|,T|downstream_gene_variant|MODIFIER|KRE9|YJL174W|transcript|YJL174W|protein_coding||c.*457C>T|||||457|,T|downstream_gene_variant|MODIFIER|YJL171C|YJL171C|transcript|YJL171C|protein_coding||c.*3325G>A|||||3325|,T|downstream_gene_variant|MODIFIER|ASG7|YJL170C|transcript|YJL170C|protein_coding||c.*4771G>A|||||4771|","T","missense_variant","MODERATE","RFA3","YJL173C","transcript","YJL173C","protein_coding","1/1","c.151G>A|p.Val51Ile|151/369|151/369|51/122||"
"1086",1086,"chr10",96432,"T","C","SNP",0,"false","C|missense_variant|MODERATE|RFA3|YJL173C|transcript|YJL173C|protein_coding|1/1|c.98A>G|p.Glu33Gly|98/369|98/369|33/122||,C|upstream_gene_variant|MODIFIER|SWI3|YJL176C|transcript|YJL176C|protein_coding||c.-1902A>G|||||1902|,C|upstream_gene_variant|MODIFIER|CPS1|YJL172W|transcript|YJL172W|protein_coding||c.-1305T>C|||||1305|,C|downstream_gene_variant|MODIFIER|RPL17B|YJL177W|transcript|YJL177W|protein_coding||c.*4775T>C|||||4775|,C|downstream_gene_variant|MODIFIER|YJL175W|YJL175W|transcript|YJL175W|protein_coding||c.*1871T>C|||||1871|,C|downstream_gene_variant|MODIFIER|KRE9|YJL174W|transcript|YJL174W|protein_coding||c.*510T>C|||||510|,C|downstream_gene_variant|MODIFIER|YJL171C|YJL171C|transcript|YJL171C|protein_coding||c.*3272A>G|||||3272|,C|downstream_gene_variant|MODIFIER|ASG7|YJL170C|transcript|YJL170C|protein_coding||c.*4718A>G|||||4718|","C","missense_variant","MODERATE","RFA3","YJL173C","transcript","YJL173C","protein_coding","1/1","c.98A>G|p.Glu33Gly|98/369|98/369|33/122||"
"1095",1095,"chr10",96738,"G","A","SNP",0,"false","A|upstream_gene_variant|MODIFIER|SWI3|YJL176C|transcript|YJL176C|protein_coding||c.-2208C>T|||||2208|,A|upstream_gene_variant|MODIFIER|RFA3|YJL173C|transcript|YJL173C|protein_coding||c.-209C>T|||||209|,A|upstream_gene_variant|MODIFIER|CPS1|YJL172W|transcript|YJL172W|protein_coding||c.-999G>A|||||999|,A|downstream_gene_variant|MODIFIER|YJL175W|YJL175W|transcript|YJL175W|protein_coding||c.*2177G>A|||||2177|,A|downstream_gene_variant|MODIFIER|KRE9|YJL174W|transcript|YJL174W|protein_coding||c.*816G>A|||||816|,A|downstream_gene_variant|MODIFIER|YJL171C|YJL171C|transcript|YJL171C|protein_coding||c.*2966C>T|||||2966|,A|downstream_gene_variant|MODIFIER|ASG7|YJL170C|transcript|YJL170C|protein_coding||c.*4412C>T|||||4412|,A|intergenic_region|MODIFIER|RFA3-CPS1|YJL173C-YJL172W|intergenic_region|YJL173C-YJL172W|||n.96738G>A||||||","A","upstream_gene_variant","MODIFIER","RFA3","YJL173C","transcript","YJL173C","protein_coding","","c.-209C>T|||||209|"
"1103",1103,"chr10",96767,"T","G","SNP",0,"false","G|upstream_gene_variant|MODIFIER|SWI3|YJL176C|transcript|YJL176C|protein_coding||c.-2237A>C|||||2237|,G|upstream_gene_variant|MODIFIER|RFA3|YJL173C|transcript|YJL173C|protein_coding||c.-238A>C|||||238|,G|upstream_gene_variant|MODIFIER|CPS1|YJL172W|transcript|YJL172W|protein_coding||c.-970T>G|||||970|,G|downstream_gene_variant|MODIFIER|YJL175W|YJL175W|transcript|YJL175W|protein_coding||c.*2206T>G|||||2206|,G|downstream_gene_variant|MODIFIER|KRE9|YJL174W|transcript|YJL174W|protein_coding||c.*845T>G|||||845|,G|downstream_gene_variant|MODIFIER|YJL171C|YJL171C|transcript|YJL171C|protein_coding||c.*2937A>C|||||2937|,G|downstream_gene_variant|MODIFIER|ASG7|YJL170C|transcript|YJL170C|protein_coding||c.*4383A>C|||||4383|,G|intergenic_region|MODIFIER|RFA3-CPS1|YJL173C-YJL172W|intergenic_region|YJL173C-YJL172W|||n.96767T>G||||||","G","upstream_gene_variant","MODIFIER","RFA3","YJL173C","transcript","YJL173C","protein_coding","","c.-238A>C|||||238|"
"1111",1111,"chr10",96768,"T","C","SNP",0,"false","C|upstream_gene_variant|MODIFIER|SWI3|YJL176C|transcript|YJL176C|protein_coding||c.-2238A>G|||||2238|,C|upstream_gene_variant|MODIFIER|RFA3|YJL173C|transcript|YJL173C|protein_coding||c.-239A>G|||||239|,C|upstream_gene_variant|MODIFIER|CPS1|YJL172W|transcript|YJL172W|protein_coding||c.-969T>C|||||969|,C|downstream_gene_variant|MODIFIER|YJL175W|YJL175W|transcript|YJL175W|protein_coding||c.*2207T>C|||||2207|,C|downstream_gene_variant|MODIFIER|KRE9|YJL174W|transcript|YJL174W|protein_coding||c.*846T>C|||||846|,C|downstream_gene_variant|MODIFIER|YJL171C|YJL171C|transcript|YJL171C|protein_coding||c.*2936A>G|||||2936|,C|downstream_gene_variant|MODIFIER|ASG7|YJL170C|transcript|YJL170C|protein_coding||c.*4382A>G|||||4382|,C|intergenic_region|MODIFIER|RFA3-CPS1|YJL173C-YJL172W|intergenic_region|YJL173C-YJL172W|||n.96768T>C||||||","C","upstream_gene_variant","MODIFIER","RFA3","YJL173C","transcript","YJL173C","protein_coding","","c.-239A>G|||||239|"
"1119",1119,"chr10",96780,"C","A","SNP",0,"false","A|upstream_gene_variant|MODIFIER|SWI3|YJL176C|transcript|YJL176C|protein_coding||c.-2250G>T|||||2250|,A|upstream_gene_variant|MODIFIER|RFA3|YJL173C|transcript|YJL173C|protein_coding||c.-251G>T|||||251|,A|upstream_gene_variant|MODIFIER|CPS1|YJL172W|transcript|YJL172W|protein_coding||c.-957C>A|||||957|,A|downstream_gene_variant|MODIFIER|YJL175W|YJL175W|transcript|YJL175W|protein_coding||c.*2219C>A|||||2219|,A|downstream_gene_variant|MODIFIER|KRE9|YJL174W|transcript|YJL174W|protein_coding||c.*858C>A|||||858|,A|downstream_gene_variant|MODIFIER|YJL171C|YJL171C|transcript|YJL171C|protein_coding||c.*2924G>T|||||2924|,A|downstream_gene_variant|MODIFIER|ASG7|YJL170C|transcript|YJL170C|protein_coding||c.*4370G>T|||||4370|,A|intergenic_region|MODIFIER|RFA3-CPS1|YJL173C-YJL172W|intergenic_region|YJL173C-YJL172W|||n.96780C>A||||||","A","upstream_gene_variant","MODIFIER","RFA3","YJL173C","transcript","YJL173C","protein_coding","","c.-251G>T|||||251|"
"1127",1127,"chr10",96890,"G","T","SNP",0,"false","T|upstream_gene_variant|MODIFIER|SWI3|YJL176C|transcript|YJL176C|protein_coding||c.-2360C>A|||||2360|,T|upstream_gene_variant|MODIFIER|RFA3|YJL173C|transcript|YJL173C|protein_coding||c.-361C>A|||||361|,T|upstream_gene_variant|MODIFIER|CPS1|YJL172W|transcript|YJL172W|protein_coding||c.-847G>T|||||847|,T|downstream_gene_variant|MODIFIER|YJL175W|YJL175W|transcript|YJL175W|protein_coding||c.*2329G>T|||||2329|,T|downstream_gene_variant|MODIFIER|KRE9|YJL174W|transcript|YJL174W|protein_coding||c.*968G>T|||||968|,T|downstream_gene_variant|MODIFIER|YJL171C|YJL171C|transcript|YJL171C|protein_coding||c.*2814C>A|||||2814|,T|downstream_gene_variant|MODIFIER|ASG7|YJL170C|transcript|YJL170C|protein_coding||c.*4260C>A|||||4260|,T|intergenic_region|MODIFIER|RFA3-CPS1|YJL173C-YJL172W|intergenic_region|YJL173C-YJL172W|||n.96890G>T||||||","T","upstream_gene_variant","MODIFIER","RFA3","YJL173C","transcript","YJL173C","protein_coding","","c.-361C>A|||||361|"
"1135",1135,"chr10",96902,"A","G","SNP",0,"false","G|upstream_gene_variant|MODIFIER|SWI3|YJL176C|transcript|YJL176C|protein_coding||c.-2372T>C|||||2372|,G|upstream_gene_variant|MODIFIER|RFA3|YJL173C|transcript|YJL173C|protein_coding||c.-373T>C|||||373|,G|upstream_gene_variant|MODIFIER|CPS1|YJL172W|transcript|YJL172W|protein_coding||c.-835A>G|||||835|,G|downstream_gene_variant|MODIFIER|YJL175W|YJL175W|transcript|YJL175W|protein_coding||c.*2341A>G|||||2341|,G|downstream_gene_variant|MODIFIER|KRE9|YJL174W|transcript|YJL174W|protein_coding||c.*980A>G|||||980|,G|downstream_gene_variant|MODIFIER|YJL171C|YJL171C|transcript|YJL171C|protein_coding||c.*2802T>C|||||2802|,G|downstream_gene_variant|MODIFIER|ASG7|YJL170C|transcript|YJL170C|protein_coding||c.*4248T>C|||||4248|,G|intergenic_region|MODIFIER|RFA3-CPS1|YJL173C-YJL172W|intergenic_region|YJL173C-YJL172W|||n.96902A>G||||||","G","upstream_gene_variant","MODIFIER","RFA3","YJL173C","transcript","YJL173C","protein_coding","","c.-373T>C|||||373|"
"1143",1143,"chr10",96918,"G","T","SNP",0,"false","T|upstream_gene_variant|MODIFIER|SWI3|YJL176C|transcript|YJL176C|protein_coding||c.-2388C>A|||||2388|,T|upstream_gene_variant|MODIFIER|RFA3|YJL173C|transcript|YJL173C|protein_coding||c.-389C>A|||||389|,T|upstream_gene_variant|MODIFIER|CPS1|YJL172W|transcript|YJL172W|protein_coding||c.-819G>T|||||819|,T|downstream_gene_variant|MODIFIER|YJL175W|YJL175W|transcript|YJL175W|protein_coding||c.*2357G>T|||||2357|,T|downstream_gene_variant|MODIFIER|KRE9|YJL174W|transcript|YJL174W|protein_coding||c.*996G>T|||||996|,T|downstream_gene_variant|MODIFIER|YJL171C|YJL171C|transcript|YJL171C|protein_coding||c.*2786C>A|||||2786|,T|downstream_gene_variant|MODIFIER|ASG7|YJL170C|transcript|YJL170C|protein_coding||c.*4232C>A|||||4232|,T|intergenic_region|MODIFIER|RFA3-CPS1|YJL173C-YJL172W|intergenic_region|YJL173C-YJL172W|||n.96918G>T||||||","T","upstream_gene_variant","MODIFIER","RFA3","YJL173C","transcript","YJL173C","protein_coding","","c.-389C>A|||||389|"
"1151",1151,"chr10",96949,"C","T","SNP",0,"false","T|upstream_gene_variant|MODIFIER|SWI3|YJL176C|transcript|YJL176C|protein_coding||c.-2419G>A|||||2419|,T|upstream_gene_variant|MODIFIER|RFA3|YJL173C|transcript|YJL173C|protein_coding||c.-420G>A|||||420|,T|upstream_gene_variant|MODIFIER|CPS1|YJL172W|transcript|YJL172W|protein_coding||c.-788C>T|||||788|,T|downstream_gene_variant|MODIFIER|YJL175W|YJL175W|transcript|YJL175W|protein_coding||c.*2388C>T|||||2388|,T|downstream_gene_variant|MODIFIER|KRE9|YJL174W|transcript|YJL174W|protein_coding||c.*1027C>T|||||1027|,T|downstream_gene_variant|MODIFIER|YJL171C|YJL171C|transcript|YJL171C|protein_coding||c.*2755G>A|||||2755|,T|downstream_gene_variant|MODIFIER|ASG7|YJL170C|transcript|YJL170C|protein_coding||c.*4201G>A|||||4201|,T|intergenic_region|MODIFIER|RFA3-CPS1|YJL173C-YJL172W|intergenic_region|YJL173C-YJL172W|||n.96949C>T||||||","T","upstream_gene_variant","MODIFIER","RFA3","YJL173C","transcript","YJL173C","protein_coding","","c.-420G>A|||||420|"
"1160",1160,"chr10",97901,"A","G","SNP",0,"false","G|synonymous_variant|LOW|CPS1|YJL172W|transcript|YJL172W|protein_coding|1/1|c.165A>G|p.Lys55Lys|165/1731|165/1731|55/576||,G|upstream_gene_variant|MODIFIER|SWI3|YJL176C|transcript|YJL176C|protein_coding||c.-3371T>C|||||3371|,G|upstream_gene_variant|MODIFIER|RFA3|YJL173C|transcript|YJL173C|protein_coding||c.-1372T>C|||||1372|,G|upstream_gene_variant|MODIFIER|YJL169W|YJL169W|transcript|YJL169W|protein_coding||c.-4198A>G|||||4198|,G|downstream_gene_variant|MODIFIER|YJL175W|YJL175W|transcript|YJL175W|protein_coding||c.*3340A>G|||||3340|,G|downstream_gene_variant|MODIFIER|KRE9|YJL174W|transcript|YJL174W|protein_coding||c.*1979A>G|||||1979|,G|downstream_gene_variant|MODIFIER|YJL171C|YJL171C|transcript|YJL171C|protein_coding||c.*1803T>C|||||1803|,G|downstream_gene_variant|MODIFIER|ASG7|YJL170C|transcript|YJL170C|protein_coding||c.*3249T>C|||||3249|,G|downstream_gene_variant|MODIFIER|SET2|YJL168C|transcript|YJL168C|protein_coding||c.*4326T>C|||||4326|","G","upstream_gene_variant","MODIFIER","RFA3","YJL173C","transcript","YJL173C","protein_coding","","c.-1372T>C|||||1372|"
"2533",2533,"chr14",753290,"G","A","SNP",0,"false","A|synonymous_variant|LOW|YNR065C|YNR065C|transcript|YNR065C|protein_coding|1/1|c.411C>T|p.Phe137Phe|411/3351|411/3351|137/1116||,A|upstream_gene_variant|MODIFIER|YNR064C|YNR064C|transcript|YNR064C|protein_coding||c.-3282C>T|||||3282|,A|downstream_gene_variant|MODIFIER|YNR063W|YNR063W|transcript|YNR063W|protein_coding||c.*4524G>A|||||4524|,A|downstream_gene_variant|MODIFIER|YNR066C|YNR066C|transcript|YNR066C|protein_coding||c.*435C>T|||||435|,A|downstream_gene_variant|MODIFIER|DSE4|YNR067C|transcript|YNR067C|protein_coding||c.*2456C>T|||||2456|","A","downstream_gene_variant","MODIFIER","YNR066C","YNR066C","transcript","YNR066C","protein_coding","","c.*435C>T|||||435|"
"2538",2538,"chr15",1054799,"A","G","SNP",0,"false","G|upstream_gene_variant|MODIFIER|YOR379C|YOR379C|transcript|YOR379C|protein_coding||c.-3735T>C|||||3735|,G|upstream_gene_variant|MODIFIER|FRE3|YOR381W|transcript|YOR381W|protein_coding||c.-746A>G|||||746|,G|upstream_gene_variant|MODIFIER|YOR381W-A|YOR381W-A|transcript|YOR381W-A|protein_coding||c.-3624A>G|||||3624|,G|upstream_gene_variant|MODIFIER|FIT2|YOR382W|transcript|YOR382W|protein_coding||c.-4732A>G|||||4732|,G|downstream_gene_variant|MODIFIER|AMF1|YOR378W|transcript|YOR378W|protein_coding||c.*3741A>G|||||3741|,G|downstream_gene_variant|MODIFIER|RDR1|YOR380W|transcript|YOR380W|protein_coding||c.*1869A>G|||||1869|,G|intergenic_region|MODIFIER|RDR1-FRE3|YOR380W-YOR381W|intergenic_region|YOR380W-YOR381W|||n.1054799A>G||||||","G","upstream_gene_variant","MODIFIER","FIT2","YOR382W","transcript","YOR382W","protein_coding","","c.-4732A>G|||||4732|"
"2545",2545,"chr15",1054802,"G","A","SNP",0,"false","A|upstream_gene_variant|MODIFIER|YOR379C|YOR379C|transcript|YOR379C|protein_coding||c.-3738C>T|||||3738|,A|upstream_gene_variant|MODIFIER|FRE3|YOR381W|transcript|YOR381W|protein_coding||c.-743G>A|||||743|,A|upstream_gene_variant|MODIFIER|YOR381W-A|YOR381W-A|transcript|YOR381W-A|protein_coding||c.-3621G>A|||||3621|,A|upstream_gene_variant|MODIFIER|FIT2|YOR382W|transcript|YOR382W|protein_coding||c.-4729G>A|||||4729|,A|downstream_gene_variant|MODIFIER|AMF1|YOR378W|transcript|YOR378W|protein_coding||c.*3744G>A|||||3744|,A|downstream_gene_variant|MODIFIER|RDR1|YOR380W|transcript|YOR380W|protein_coding||c.*1872G>A|||||1872|,A|intergenic_region|MODIFIER|RDR1-FRE3|YOR380W-YOR381W|intergenic_region|YOR380W-YOR381W|||n.1054802G>A||||||","A","upstream_gene_variant","MODIFIER","FIT2","YOR382W","transcript","YOR382W","protein_coding","","c.-4729G>A|||||4729|"
"2552",2552,"chr15",1054937,"G","A","SNP",0,"false","A|upstream_gene_variant|MODIFIER|YOR379C|YOR379C|transcript|YOR379C|protein_coding||c.-3873C>T|||||3873|,A|upstream_gene_variant|MODIFIER|FRE3|YOR381W|transcript|YOR381W|protein_coding||c.-608G>A|||||608|,A|upstream_gene_variant|MODIFIER|YOR381W-A|YOR381W-A|transcript|YOR381W-A|protein_coding||c.-3486G>A|||||3486|,A|upstream_gene_variant|MODIFIER|FIT2|YOR382W|transcript|YOR382W|protein_coding||c.-4594G>A|||||4594|,A|downstream_gene_variant|MODIFIER|AMF1|YOR378W|transcript|YOR378W|protein_coding||c.*3879G>A|||||3879|,A|downstream_gene_variant|MODIFIER|RDR1|YOR380W|transcript|YOR380W|protein_coding||c.*2007G>A|||||2007|,A|intergenic_region|MODIFIER|RDR1-FRE3|YOR380W-YOR381W|intergenic_region|YOR380W-YOR381W|||n.1054937G>A||||||","A","upstream_gene_variant","MODIFIER","FIT2","YOR382W","transcript","YOR382W","protein_coding","","c.-4594G>A|||||4594|"
"2559",2559,"chr15",1055015,"A","G","SNP",0,"false","G|upstream_gene_variant|MODIFIER|YOR379C|YOR379C|transcript|YOR379C|protein_coding||c.-3951T>C|||||3951|,G|upstream_gene_variant|MODIFIER|FRE3|YOR381W|transcript|YOR381W|protein_coding||c.-530A>G|||||530|,G|upstream_gene_variant|MODIFIER|YOR381W-A|YOR381W-A|transcript|YOR381W-A|protein_coding||c.-3408A>G|||||3408|,G|upstream_gene_variant|MODIFIER|FIT2|YOR382W|transcript|YOR382W|protein_coding||c.-4516A>G|||||4516|,G|downstream_gene_variant|MODIFIER|AMF1|YOR378W|transcript|YOR378W|protein_coding||c.*3957A>G|||||3957|,G|downstream_gene_variant|MODIFIER|RDR1|YOR380W|transcript|YOR380W|protein_coding||c.*2085A>G|||||2085|,G|intergenic_region|MODIFIER|RDR1-FRE3|YOR380W-YOR381W|intergenic_region|YOR380W-YOR381W|||n.1055015A>G||||||","G","upstream_gene_variant","MODIFIER","FIT2","YOR382W","transcript","YOR382W","protein_coding","","c.-4516A>G|||||4516|"
"2566",2566,"chr15",1055021,"T","C","SNP",0,"false","C|upstream_gene_variant|MODIFIER|YOR379C|YOR379C|transcript|YOR379C|protein_coding||c.-3957A>G|||||3957|,C|upstream_gene_variant|MODIFIER|FRE3|YOR381W|transcript|YOR381W|protein_coding||c.-524T>C|||||524|,C|upstream_gene_variant|MODIFIER|YOR381W-A|YOR381W-A|transcript|YOR381W-A|protein_coding||c.-3402T>C|||||3402|,C|upstream_gene_variant|MODIFIER|FIT2|YOR382W|transcript|YOR382W|protein_coding||c.-4510T>C|||||4510|,C|downstream_gene_variant|MODIFIER|AMF1|YOR378W|transcript|YOR378W|protein_coding||c.*3963T>C|||||3963|,C|downstream_gene_variant|MODIFIER|RDR1|YOR380W|transcript|YOR380W|protein_coding||c.*2091T>C|||||2091|,C|intergenic_region|MODIFIER|RDR1-FRE3|YOR380W-YOR381W|intergenic_region|YOR380W-YOR381W|||n.1055021T>C||||||","C","upstream_gene_variant","MODIFIER","FIT2","YOR382W","transcript","YOR382W","protein_coding","","c.-4510T>C|||||4510|"
"2573",2573,"chr15",1055775,"A","C","SNP",0,"false","C|synonymous_variant|LOW|FRE3|YOR381W|transcript|YOR381W|protein_coding|1/1|c.231A>C|p.Ser77Ser|231/2136|231/2136|77/711||,C|upstream_gene_variant|MODIFIER|YOR379C|YOR379C|transcript|YOR379C|protein_coding||c.-4711T>G|||||4711|,C|upstream_gene_variant|MODIFIER|YOR381W-A|YOR381W-A|transcript|YOR381W-A|protein_coding||c.-2648A>C|||||2648|,C|upstream_gene_variant|MODIFIER|FIT2|YOR382W|transcript|YOR382W|protein_coding||c.-3756A>C|||||3756|,C|downstream_gene_variant|MODIFIER|AMF1|YOR378W|transcript|YOR378W|protein_coding||c.*4717A>C|||||4717|,C|downstream_gene_variant|MODIFIER|RDR1|YOR380W|transcript|YOR380W|protein_coding||c.*2845A>C|||||2845|,C|downstream_gene_variant|MODIFIER|FIT3|YOR383C|transcript|YOR383C|protein_coding||c.*4666T>G|||||4666|","C","upstream_gene_variant","MODIFIER","FIT2","YOR382W","transcript","YOR382W","protein_coding","","c.-3756A>C|||||3756|"
"2580",2580,"chr15",1055801,"G","A","SNP",0,"false","A|missense_variant|MODERATE|FRE3|YOR381W|transcript|YOR381W|protein_coding|1/1|c.257G>A|p.Arg86Lys|257/2136|257/2136|86/711||,A|upstream_gene_variant|MODIFIER|YOR379C|YOR379C|transcript|YOR379C|protein_coding||c.-4737C>T|||||4737|,A|upstream_gene_variant|MODIFIER|YOR381W-A|YOR381W-A|transcript|YOR381W-A|protein_coding||c.-2622G>A|||||2622|,A|upstream_gene_variant|MODIFIER|FIT2|YOR382W|transcript|YOR382W|protein_coding||c.-3730G>A|||||3730|,A|downstream_gene_variant|MODIFIER|AMF1|YOR378W|transcript|YOR378W|protein_coding||c.*4743G>A|||||4743|,A|downstream_gene_variant|MODIFIER|RDR1|YOR380W|transcript|YOR380W|protein_coding||c.*2871G>A|||||2871|,A|downstream_gene_variant|MODIFIER|FIT3|YOR383C|transcript|YOR383C|protein_coding||c.*4640C>T|||||4640|","A","upstream_gene_variant","MODIFIER","FIT2","YOR382W","transcript","YOR382W","protein_coding","","c.-3730G>A|||||3730|"
"2587",2587,"chr15",1055838,"C","T","SNP",0,"false","T|synonymous_variant|LOW|FRE3|YOR381W|transcript|YOR381W|protein_coding|1/1|c.294C>T|p.Asp98Asp|294/2136|294/2136|98/711||,T|upstream_gene_variant|MODIFIER|YOR379C|YOR379C|transcript|YOR379C|protein_coding||c.-4774G>A|||||4774|,T|upstream_gene_variant|MODIFIER|YOR381W-A|YOR381W-A|transcript|YOR381W-A|protein_coding||c.-2585C>T|||||2585|,T|upstream_gene_variant|MODIFIER|FIT2|YOR382W|transcript|YOR382W|protein_coding||c.-3693C>T|||||3693|,T|downstream_gene_variant|MODIFIER|AMF1|YOR378W|transcript|YOR378W|protein_coding||c.*4780C>T|||||4780|,T|downstream_gene_variant|MODIFIER|RDR1|YOR380W|transcript|YOR380W|protein_coding||c.*2908C>T|||||2908|,T|downstream_gene_variant|MODIFIER|FIT3|YOR383C|transcript|YOR383C|protein_coding||c.*4603G>A|||||4603|","T","upstream_gene_variant","MODIFIER","FIT2","YOR382W","transcript","YOR382W","protein_coding","","c.-3693C>T|||||3693|"
"2594",2594,"chr15",1055878,"G","A","SNP",0,"false","A|missense_variant|MODERATE|FRE3|YOR381W|transcript|YOR381W|protein_coding|1/1|c.334G>A|p.Ala112Thr|334/2136|334/2136|112/711||,A|upstream_gene_variant|MODIFIER|YOR379C|YOR379C|transcript|YOR379C|protein_coding||c.-4814C>T|||||4814|,A|upstream_gene_variant|MODIFIER|YOR381W-A|YOR381W-A|transcript|YOR381W-A|protein_coding||c.-2545G>A|||||2545|,A|upstream_gene_variant|MODIFIER|FIT2|YOR382W|transcript|YOR382W|protein_coding||c.-3653G>A|||||3653|,A|downstream_gene_variant|MODIFIER|AMF1|YOR378W|transcript|YOR378W|protein_coding||c.*4820G>A|||||4820|,A|downstream_gene_variant|MODIFIER|RDR1|YOR380W|transcript|YOR380W|protein_coding||c.*2948G>A|||||2948|,A|downstream_gene_variant|MODIFIER|FIT3|YOR383C|transcript|YOR383C|protein_coding||c.*4563C>T|||||4563|","A","upstream_gene_variant","MODIFIER","FIT2","YOR382W","transcript","YOR382W","protein_coding","","c.-3653G>A|||||3653|"
"2601",2601,"chr15",1055920,"A","G","SNP",0,"false","G|missense_variant|MODERATE|FRE3|YOR381W|transcript|YOR381W|protein_coding|1/1|c.376A>G|p.Ile126Val|376/2136|376/2136|126/711||,G|upstream_gene_variant|MODIFIER|YOR379C|YOR379C|transcript|YOR379C|protein_coding||c.-4856T>C|||||4856|,G|upstream_gene_variant|MODIFIER|YOR381W-A|YOR381W-A|transcript|YOR381W-A|protein_coding||c.-2503A>G|||||2503|,G|upstream_gene_variant|MODIFIER|FIT2|YOR382W|transcript|YOR382W|protein_coding||c.-3611A>G|||||3611|,G|downstream_gene_variant|MODIFIER|AMF1|YOR378W|transcript|YOR378W|protein_coding||c.*4862A>G|||||4862|,G|downstream_gene_variant|MODIFIER|RDR1|YOR380W|transcript|YOR380W|protein_coding||c.*2990A>G|||||2990|,G|downstream_gene_variant|MODIFIER|FIT3|YOR383C|transcript|YOR383C|protein_coding||c.*4521T>C|||||4521|","G","upstream_gene_variant","MODIFIER","FIT2","YOR382W","transcript","YOR382W","protein_coding","","c.-3611A>G|||||3611|"
"2607",2607,"chr15",1056885,"A","G","SNP",0,"false","G|synonymous_variant|LOW|FRE3|YOR381W|transcript|YOR381W|protein_coding|1/1|c.1341A>G|p.Arg447Arg|1341/2136|1341/2136|447/711||,G|upstream_gene_variant|MODIFIER|YOR381W-A|YOR381W-A|transcript|YOR381W-A|protein_coding||c.-1538A>G|||||1538|,G|upstream_gene_variant|MODIFIER|FIT2|YOR382W|transcript|YOR382W|protein_coding||c.-2646A>G|||||2646|,G|upstream_gene_variant|MODIFIER|FRE5|YOR384W|transcript|YOR384W|protein_coding||c.-4679A>G|||||4679|,G|downstream_gene_variant|MODIFIER|RDR1|YOR380W|transcript|YOR380W|protein_coding||c.*3955A>G|||||3955|,G|downstream_gene_variant|MODIFIER|FIT3|YOR383C|transcript|YOR383C|protein_coding||c.*3556T>C|||||3556|","G","upstream_gene_variant","MODIFIER","FIT2","YOR382W","transcript","YOR382W","protein_coding","","c.-2646A>G|||||2646|"
"2613",2613,"chr15",1057081,"T","C","SNP",0,"false","C|missense_variant|MODERATE|FRE3|YOR381W|transcript|YOR381W|protein_coding|1/1|c.1537T>C|p.Cys513Arg|1537/2136|1537/2136|513/711||,C|upstream_gene_variant|MODIFIER|YOR381W-A|YOR381W-A|transcript|YOR381W-A|protein_coding||c.-1342T>C|||||1342|,C|upstream_gene_variant|MODIFIER|FIT2|YOR382W|transcript|YOR382W|protein_coding||c.-2450T>C|||||2450|,C|upstream_gene_variant|MODIFIER|FRE5|YOR384W|transcript|YOR384W|protein_coding||c.-4483T>C|||||4483|,C|downstream_gene_variant|MODIFIER|RDR1|YOR380W|transcript|YOR380W|protein_coding||c.*4151T>C|||||4151|,C|downstream_gene_variant|MODIFIER|FIT3|YOR383C|transcript|YOR383C|protein_coding||c.*3360A>G|||||3360|","C","upstream_gene_variant","MODIFIER","FIT2","YOR382W","transcript","YOR382W","protein_coding","","c.-2450T>C|||||2450|"
"2986",2986,"chr4",1523087,"A","G","SNP",0,"false","G|upstream_gene_variant|MODIFIER|YDR541C|YDR541C|transcript|YDR541C|protein_coding||c.-2389T>C|||||2389|,G|upstream_gene_variant|MODIFIER|PAU10|YDR542W|transcript|YDR542W|protein_coding||c.-162A>G|||||162|,G|upstream_gene_variant|MODIFIER|YRF1-1|YDR545W|transcript|YDR545W|protein_coding||c.-3234A>G|||||3234|,G|downstream_gene_variant|MODIFIER|YDR543C|YDR543C|transcript|YDR543C|protein_coding||c.*1547T>C|||||1547|,G|downstream_gene_variant|MODIFIER|YDR544C|YDR544C|transcript|YDR544C|protein_coding||c.*2008T>C|||||2008|,G|intergenic_region|MODIFIER|YDR541C-PAU10|YDR541C-YDR542W|intergenic_region|YDR541C-YDR542W|||n.1523087A>G||||||","G","downstream_gene_variant","MODIFIER","YDR543C","YDR543C","transcript","YDR543C","protein_coding","","c.*1547T>C|||||1547|"
"3206",3206,"chr4",757367,"A","T","SNP",0,"false","T|synonymous_variant|LOW|NUM1|YDR150W|transcript|YDR150W|protein_coding|1/1|c.1740A>T|p.Ser580Ser|1740/8247|1740/8247|580/2748||,T|upstream_gene_variant|MODIFIER|KGD2|YDR148C|transcript|YDR148C|protein_coding||c.-2301T>A|||||2301|,T|upstream_gene_variant|MODIFIER|YDR149C|YDR149C|transcript|YDR149C|protein_coding||c.-1105T>A|||||1105|,T|downstream_gene_variant|MODIFIER|EKI1|YDR147W|transcript|YDR147W|protein_coding||c.*4132A>T|||||4132|","T","downstream_gene_variant","MODIFIER","EKI1","YDR147W","transcript","YDR147W","protein_coding","","c.*4132A>T|||||4132|"
"3898",3898,"chr8",49887,"T","G","SNP",0,"false","G|synonymous_variant|LOW|WSC4|YHL028W|transcript|YHL028W|protein_coding|1/1|c.1125T>G|p.Ser375Ser|1125/1818|1125/1818|375/605||,G|upstream_gene_variant|MODIFIER|OCA5|YHL029C|transcript|YHL029C|protein_coding||c.-1919A>C|||||1919|,G|upstream_gene_variant|MODIFIER|RIM101|YHL027W|transcript|YHL027W|protein_coding||c.-1224T>G|||||1224|,G|upstream_gene_variant|MODIFIER|SNF6|YHL025W|transcript|YHL025W|protein_coding||c.-4964T>G|||||4964|,G|downstream_gene_variant|MODIFIER|ECM29|YHL030W|transcript|YHL030W|protein_coding||c.*4197T>G|||||4197|,G|downstream_gene_variant|MODIFIER|YHL026C|YHL026C|transcript|YHL026C|protein_coding||c.*3332A>C|||||3332|","G","synonymous_variant","LOW","WSC4","YHL028W","transcript","YHL028W","protein_coding","1/1","c.1125T>G|p.Ser375Ser|1125/1818|1125/1818|375/605||"
"3904",3904,"chr8",49899,"T","C","SNP",0,"false","C|synonymous_variant|LOW|WSC4|YHL028W|transcript|YHL028W|protein_coding|1/1|c.1137T>C|p.Gly379Gly|1137/1818|1137/1818|379/605||,C|upstream_gene_variant|MODIFIER|OCA5|YHL029C|transcript|YHL029C|protein_coding||c.-1931A>G|||||1931|,C|upstream_gene_variant|MODIFIER|RIM101|YHL027W|transcript|YHL027W|protein_coding||c.-1212T>C|||||1212|,C|upstream_gene_variant|MODIFIER|SNF6|YHL025W|transcript|YHL025W|protein_coding||c.-4952T>C|||||4952|,C|downstream_gene_variant|MODIFIER|ECM29|YHL030W|transcript|YHL030W|protein_coding||c.*4209T>C|||||4209|,C|downstream_gene_variant|MODIFIER|YHL026C|YHL026C|transcript|YHL026C|protein_coding||c.*3320A>G|||||3320|","C","synonymous_variant","LOW","WSC4","YHL028W","transcript","YHL028W","protein_coding","1/1","c.1137T>C|p.Gly379Gly|1137/1818|1137/1818|379/605||"
"3913",3913,"chr8",51378,"A","T","SNP",0,"false","T|missense_variant|MODERATE|RIM101|YHL027W|transcript|YHL027W|protein_coding|1/1|c.268A>T|p.Thr90Ser|268/1878|268/1878|90/625||,T|upstream_gene_variant|MODIFIER|OCA5|YHL029C|transcript|YHL029C|protein_coding||c.-3410T>A|||||3410|,T|upstream_gene_variant|MODIFIER|SNF6|YHL025W|transcript|YHL025W|protein_coding||c.-3473A>T|||||3473|,T|downstream_gene_variant|MODIFIER|WSC4|YHL028W|transcript|YHL028W|protein_coding||c.*798A>T|||||798|,T|downstream_gene_variant|MODIFIER|YHL026C|YHL026C|transcript|YHL026C|protein_coding||c.*1841T>A|||||1841|","T","downstream_gene_variant","MODIFIER","WSC4","YHL028W","transcript","YHL028W","protein_coding","","c.*798A>T|||||798|"
"3919",3919,"chr8",51686,"G","A","SNP",0,"false","A|synonymous_variant|LOW|RIM101|YHL027W|transcript|YHL027W|protein_coding|1/1|c.576G>A|p.Lys192Lys|576/1878|576/1878|192/625||,A|upstream_gene_variant|MODIFIER|OCA5|YHL029C|transcript|YHL029C|protein_coding||c.-3718C>T|||||3718|,A|upstream_gene_variant|MODIFIER|SNF6|YHL025W|transcript|YHL025W|protein_coding||c.-3165G>A|||||3165|,A|upstream_gene_variant|MODIFIER|RIM4|YHL024W|transcript|YHL024W|protein_coding||c.-4963G>A|||||4963|,A|downstream_gene_variant|MODIFIER|WSC4|YHL028W|transcript|YHL028W|protein_coding||c.*1106G>A|||||1106|,A|downstream_gene_variant|MODIFIER|YHL026C|YHL026C|transcript|YHL026C|protein_coding||c.*1533C>T|||||1533|","A","downstream_gene_variant","MODIFIER","WSC4","YHL028W","transcript","YHL028W","protein_coding","","c.*1106G>A|||||1106|"
"3925",3925,"chr8",51891,"T","A","SNP",0,"false","A|missense_variant|MODERATE|RIM101|YHL027W|transcript|YHL027W|protein_coding|1/1|c.781T>A|p.Cys261Ser|781/1878|781/1878|261/625||,A|upstream_gene_variant|MODIFIER|OCA5|YHL029C|transcript|YHL029C|protein_coding||c.-3923A>T|||||3923|,A|upstream_gene_variant|MODIFIER|SNF6|YHL025W|transcript|YHL025W|protein_coding||c.-2960T>A|||||2960|,A|upstream_gene_variant|MODIFIER|RIM4|YHL024W|transcript|YHL024W|protein_coding||c.-4758T>A|||||4758|,A|downstream_gene_variant|MODIFIER|WSC4|YHL028W|transcript|YHL028W|protein_coding||c.*1311T>A|||||1311|,A|downstream_gene_variant|MODIFIER|YHL026C|YHL026C|transcript|YHL026C|protein_coding||c.*1328A>T|||||1328|","A","downstream_gene_variant","MODIFIER","WSC4","YHL028W","transcript","YHL028W","protein_coding","","c.*1311T>A|||||1311|"
"3931",3931,"chr8",52419,"G","A","SNP",0,"false","A|missense_variant|MODERATE|RIM101|YHL027W|transcript|YHL027W|protein_coding|1/1|c.1309G>A|p.Ala437Thr|1309/1878|1309/1878|437/625||,A|upstream_gene_variant|MODIFIER|OCA5|YHL029C|transcript|YHL029C|protein_coding||c.-4451C>T|||||4451|,A|upstream_gene_variant|MODIFIER|SNF6|YHL025W|transcript|YHL025W|protein_coding||c.-2432G>A|||||2432|,A|upstream_gene_variant|MODIFIER|RIM4|YHL024W|transcript|YHL024W|protein_coding||c.-4230G>A|||||4230|,A|downstream_gene_variant|MODIFIER|WSC4|YHL028W|transcript|YHL028W|protein_coding||c.*1839G>A|||||1839|,A|downstream_gene_variant|MODIFIER|YHL026C|YHL026C|transcript|YHL026C|protein_coding||c.*800C>T|||||800|","A","downstream_gene_variant","MODIFIER","WSC4","YHL028W","transcript","YHL028W","protein_coding","","c.*1839G>A|||||1839|"
"3940",3940,"chr8",52712,"C","T","SNP",0,"false","T|synonymous_variant|LOW|RIM101|YHL027W|transcript|YHL027W|protein_coding|1/1|c.1602C>T|p.Ser534Ser|1602/1878|1602/1878|534/625||,T|upstream_gene_variant|MODIFIER|OCA5|YHL029C|transcript|YHL029C|protein_coding||c.-4744G>A|||||4744|,T|upstream_gene_variant|MODIFIER|SNF6|YHL025W|transcript|YHL025W|protein_coding||c.-2139C>T|||||2139|,T|upstream_gene_variant|MODIFIER|RIM4|YHL024W|transcript|YHL024W|protein_coding||c.-3937C>T|||||3937|,T|downstream_gene_variant|MODIFIER|WSC4|YHL028W|transcript|YHL028W|protein_coding||c.*2132C>T|||||2132|,T|downstream_gene_variant|MODIFIER|YHL026C|YHL026C|transcript|YHL026C|protein_coding||c.*507G>A|||||507|","T","downstream_gene_variant","MODIFIER","WSC4","YHL028W","transcript","YHL028W","protein_coding","","c.*2132C>T|||||2132|"
"3945",3945,"chr8",53413,"A","C","SNP",0,"false","C|missense_variant|MODERATE|YHL026C|YHL026C|transcript|YHL026C|protein_coding|1/1|c.754T>G|p.Phe252Val|754/948|754/948|252/315||,C|upstream_gene_variant|MODIFIER|SNF6|YHL025W|transcript|YHL025W|protein_coding||c.-1438A>C|||||1438|,C|upstream_gene_variant|MODIFIER|RIM4|YHL024W|transcript|YHL024W|protein_coding||c.-3236A>C|||||3236|,C|downstream_gene_variant|MODIFIER|WSC4|YHL028W|transcript|YHL028W|protein_coding||c.*2833A>C|||||2833|,C|downstream_gene_variant|MODIFIER|RIM101|YHL027W|transcript|YHL027W|protein_coding||c.*425A>C|||||425|","C","downstream_gene_variant","MODIFIER","WSC4","YHL028W","transcript","YHL028W","protein_coding","","c.*2833A>C|||||2833|"
"3950",3950,"chr8",53879,"A","T","SNP",0,"false","T|synonymous_variant|LOW|YHL026C|YHL026C|transcript|YHL026C|protein_coding|1/1|c.288T>A|p.Pro96Pro|288/948|288/948|96/315||,T|upstream_gene_variant|MODIFIER|SNF6|YHL025W|transcript|YHL025W|protein_coding||c.-972A>T|||||972|,T|upstream_gene_variant|MODIFIER|RIM4|YHL024W|transcript|YHL024W|protein_coding||c.-2770A>T|||||2770|,T|downstream_gene_variant|MODIFIER|WSC4|YHL028W|transcript|YHL028W|protein_coding||c.*3299A>T|||||3299|,T|downstream_gene_variant|MODIFIER|RIM101|YHL027W|transcript|YHL027W|protein_coding||c.*891A>T|||||891|","T","downstream_gene_variant","MODIFIER","WSC4","YHL028W","transcript","YHL028W","protein_coding","","c.*3299A>T|||||3299|"
"3955",3955,"chr8",53882,"C","T","SNP",0,"false","T|synonymous_variant|LOW|YHL026C|YHL026C|transcript|YHL026C|protein_coding|1/1|c.285G>A|p.Arg95Arg|285/948|285/948|95/315||,T|upstream_gene_variant|MODIFIER|SNF6|YHL025W|transcript|YHL025W|protein_coding||c.-969C>T|||||969|,T|upstream_gene_variant|MODIFIER|RIM4|YHL024W|transcript|YHL024W|protein_coding||c.-2767C>T|||||2767|,T|downstream_gene_variant|MODIFIER|WSC4|YHL028W|transcript|YHL028W|protein_coding||c.*3302C>T|||||3302|,T|downstream_gene_variant|MODIFIER|RIM101|YHL027W|transcript|YHL027W|protein_coding||c.*894C>T|||||894|","T","downstream_gene_variant","MODIFIER","WSC4","YHL028W","transcript","YHL028W","protein_coding","","c.*3302C>T|||||3302|"
"4638",4638,"chr10",96818,"CAT","C","INDEL",-2,"false","C|upstream_gene_variant|MODIFIER|SWI3|YJL176C|transcript|YJL176C|protein_coding||c.-2290_-2289delAT|||||2289|,C|upstream_gene_variant|MODIFIER|RFA3|YJL173C|transcript|YJL173C|protein_coding||c.-291_-290delAT|||||290|,C|upstream_gene_variant|MODIFIER|CPS1|YJL172W|transcript|YJL172W|protein_coding||c.-918_-917delAT|||||918|,C|downstream_gene_variant|MODIFIER|YJL175W|YJL175W|transcript|YJL175W|protein_coding||c.*2258_*2259delAT|||||2258|,C|downstream_gene_variant|MODIFIER|KRE9|YJL174W|transcript|YJL174W|protein_coding||c.*897_*898delAT|||||897|,C|downstream_gene_variant|MODIFIER|YJL171C|YJL171C|transcript|YJL171C|protein_coding||c.*2884_*2885delAT|||||2885|,C|downstream_gene_variant|MODIFIER|ASG7|YJL170C|transcript|YJL170C|protein_coding||c.*4330_*4331delAT|||||4331|,C|intergenic_region|MODIFIER|RFA3-CPS1|YJL173C-YJL172W|intergenic_region|YJL173C-YJL172W|||n.96819_96820delAT||||||","C","upstream_gene_variant","MODIFIER","RFA3","YJL173C","transcript","YJL173C","protein_coding","","c.-291_-290delAT|||||290|"
"4750",4750,"chr12",150541,"C","CCAGGTTCCCCAAAAAATACAAACATATATTAATTATTGTCCTTGTCTCGCCGTATTTATCATTAATATAATAGGAACTATTGTCTA","INDEL",86,"false","CCAGGTTCCCCAAAAAATACAAACATATATTAATTATTGTCCTTGTCTCGCCGTATTTATCATTAATATAATAGGAACTATTGTCTA|downstream_gene_variant|MODIFIER|SFI1|YLL003W|transcript|YLL003W|protein_coding||c.*4500_*4501insCAGGTTCCCCAAAAAATACAAACATATATTAATTATTGTCCTTGTCTCGCCGTATTTATCATTAATATAATAGGAACTATTGTCTA|||||4501|,CCAGGTTCCCCAAAAAATACAAACATATATTAATTATTGTCCTTGTCTCGCCGTATTTATCATTAATATAATAGGAACTATTGTCTA|downstream_gene_variant|MODIFIER|RTT109|YLL002W|transcript|YLL002W|protein_coding||c.*2940_*2941insCAGGTTCCCCAAAAAATACAAACATATATTAATTATTGTCCTTGTCTCGCCGTATTTATCATTAATATAATAGGAACTATTGTCTA|||||2941|,CCAGGTTCCCCAAAAAATACAAACATATATTAATTATTGTCCTTGTCTCGCCGTATTTATCATTAATATAATAGGAACTATTGTCTA|downstream_gene_variant|MODIFIER|DNM1|YLL001W|transcript|YLL001W|protein_coding||c.*378_*379insCAGGTTCCCCAAAAAATACAAACATATATTAATTATTGTCCTTGTCTCGCCGTATTTATCATTAATATAATAGGAACTATTGTCTA|||||379|,CCAGGTTCCCCAAAAAATACAAACATATATTAATTATTGTCCTTGTCTCGCCGTATTTATCATTAATATAATAGGAACTATTGTCTA|downstream_gene_variant|MODIFIER|YLR001C|YLR001C|transcript|YLR001C|protein_coding||c.*847_*848insTAGACAATAGTTCCTATTATATTAATGATAAATACGGCGAGACAAGGACAATAATTAATATATGTTTGTATTTTTTGGGGAACCTG|||||847|,CCAGGTTCCCCAAAAAATACAAACATATATTAATTATTGTCCTTGTCTCGCCGTATTTATCATTAATATAATAGGAACTATTGTCTA|downstream_gene_variant|MODIFIER|NOC3|YLR002C|transcript|YLR002C|protein_coding||c.*3801_*3802insTAGACAATAGTTCCTATTATATTAATGATAAATACGGCGAGACAAGGACAATAATTAATATATGTTTGTATTTTTTGGGGAACCTG|||||3801|,CCAGGTTCCCCAAAAAATACAAACATATATTAATTATTGTCCTTGTCTCGCCGTATTTATCATTAATATAATAGGAACTATTGTCTA|intergenic_region|MODIFIER|DNM1-YLR001C|YLL001W-YLR001C|intergenic_region|YLL001W-YLR001C|||n.150541_150542insCAGGTTCCCCAAAAAATACAAACATATATTAATTATTGTCCTTGTCTCGCCGTATTTATCATTAATATAATAGGAACTATTGTCTA||||||","CCAGGTTCCCCAAAAAATACAAACATATATTAATTATTGTCCTTGTCTCGCCGTATTTATCATTAATATAATAGGAACTATTGTCTA","downstream_gene_variant","MODIFIER","DNM1","YLL001W","transcript","YLL001W","protein_coding","","c.*378_*379insCAGGTTCCCCAAAAAATACAAACATATATTAATTATTGTCCTTGTCTCGCCGTATTTATCATTAATATAATAGGAACTATTGTCTA|||||379|"
"4862",4862,"chr15",1057039,"G","GA","INDEL",1,"false","GA|frameshift_variant|HIGH|FRE3|YOR381W|transcript|YOR381W|protein_coding|1/1|c.1502dupA|p.Val503fs|1503/2136|1503/2136|501/711||INFO_REALIGN_3_PRIME,GA|upstream_gene_variant|MODIFIER|YOR381W-A|YOR381W-A|transcript|YOR381W-A|protein_coding||c.-1384_-1383insA|||||1383|,GA|upstream_gene_variant|MODIFIER|FIT2|YOR382W|transcript|YOR382W|protein_coding||c.-2492_-2491insA|||||2491|,GA|upstream_gene_variant|MODIFIER|FRE5|YOR384W|transcript|YOR384W|protein_coding||c.-4525_-4524insA|||||4524|,GA|downstream_gene_variant|MODIFIER|RDR1|YOR380W|transcript|YOR380W|protein_coding||c.*4109_*4110insA|||||4110|,GA|downstream_gene_variant|MODIFIER|FIT3|YOR383C|transcript|YOR383C|protein_coding||c.*3401dupT|||||3401|","GA","upstream_gene_variant","MODIFIER","FIT2","YOR382W","transcript","YOR382W","protein_coding","","c.-2492_-2491insA|||||2491|"
"4983",4983,"chr4",758013,"GTAGAACAACCATCACTAGCATACCTAGTCGAACACGCCAAGGCTACCGATCACCATTTACTATCGGATAGTGCATACGAAGAACTAGTCAAGTGCAAGGAGAATCCTGATATGGAATTCTTGAAGGAGAAGTCTGCCAAACTAGGCCACACTGTGGTATCCAACGAGGCATATTCTGAATTGGAAAAGAAAC","G","INDEL",-192,"false","G|disruptive_inframe_deletion|MODERATE|NUM1|YDR150W|transcript|YDR150W|protein_coding|1/1|c.2421_2612del|p.Ala808_His871del|2421/8247|2421/8247|807/2748||INFO_REALIGN_3_PRIME,G|upstream_gene_variant|MODIFIER|KGD2|YDR148C|transcript|YDR148C|protein_coding||c.-3139_-2948del|||||2948|,G|upstream_gene_variant|MODIFIER|YDR149C|YDR149C|transcript|YDR149C|protein_coding||c.-1943_-1752del|||||1752|,G|downstream_gene_variant|MODIFIER|EKI1|YDR147W|transcript|YDR147W|protein_coding||c.*4779_*4970del|||||4779|","G","downstream_gene_variant","MODIFIER","EKI1","YDR147W","transcript","YDR147W","protein_coding","","c.*4779_*4970del|||||4779|"
